track_name,artist_names,album_name,available_markets,release_date,total_tracks,duration_ms,popularity,preview_url,track_url
"So What (feat. John Coltrane, Cannonball Adderley & Bill Evans)","['Miles Davis', 'John Coltrane', 'Cannonball Adderley', 'Bill Evans']",Kind Of Blue (Legacy Edition),"AR, AU, AT, BE, BO, BR, BG, CA, CL, CO, CR, CY, CZ, DK, DO, DE, EC, EE, SV, FI, FR, GR, GT, HN, HK, HU, IS, IE, IT, LV, LT, LU, MY, MT, MX, NL, NZ, NI, NO, PA, PY, PE, PH, PL, PT, SG, SK, ES, SE, CH, TW, TR, UY, US, GB, AD, LI, MC, ID, JP, TH, VN, RO, IL, ZA, SA, AE, BH, QA, OM, KW, EG, MA, DZ, TN, LB, JO, PS, IN, BY, KZ, MD, UA, AL, BA, HR, ME, MK, RS, SI, KR, BD, PK, LK, GH, KE, NG, TZ, UG, AG, AM, BS, BB, BZ, BT, BW, BF, CV, CW, DM, FJ, GM, GE, GD, GW, GY, HT, JM, KI, LS, LR, MW, MV, ML, MH, FM, NA, NR, NE, PW, PG, WS, SM, ST, SN, SC, SL, SB, KN, LC, VC, SR, TL, TO, TT, TV, VU, AZ, BN, BI, KH, CM, TD, KM, GQ, SZ, GA, GN, KG, LA, MO, MR, MN, NP, RW, TG, UZ, ZW, BJ, MG, MU, MZ, AO, CI, DJ, ZM, CD, CG, IQ, LY, TJ, VE, ET, XK",1959-08-17,21,562640,64,https://p.scdn.co/mp3-preview/d1a1a7b585e7bcf9becc2ab44938f6399fe90659?cid=59bafbd0d9164506adf654a3f78cb9fa,https://open.spotify.com/track/4vLYewWIvqHfKtJDk8c8tq
"'Round Midnight (feat. John Coltrane, Red Garland, Paul Chambers & Philly Joe Jones)","['Miles Davis', 'John Coltrane', 'Red Garland', 'Paul Chambers', 'Philly Joe Jones']",'Round About Midnight,"AR, AU, AT, BE, BO, BR, BG, CA, CL, CO, CR, CY, CZ, DK, DO, DE, EC, EE, SV, FI, FR, GR, GT, HN, HK, HU, IS, IE, IT, LV, LT, LU, MY, MT, MX, NL, NZ, NI, NO, PA, PY, PE, PH, PL, PT, SG, SK, ES, SE, CH, TW, TR, UY, US, GB, AD, LI, MC, ID, JP, TH, VN, RO, IL, ZA, SA, AE, BH, QA, OM, KW, EG, MA, DZ, TN, LB, JO, PS, IN, BY, KZ, MD, UA, AL, BA, HR, ME, MK, RS, SI, KR, BD, PK, LK, GH, KE, NG, TZ, UG, AG, AM, BS, BB, BZ, BT, BW, BF, CV, CW, DM, FJ, GM, GE, GD, GW, GY, HT, JM, KI, LS, LR, MW, MV, ML, MH, FM, NA, NR, NE, PW, PG, WS, SM, ST, SN, SC, SL, SB, KN, LC, VC, SR, TL, TO, TT, TV, VU, AZ, BN, BI, KH, CM, TD, KM, GQ, SZ, GA, GN, KG, LA, MO, MR, MN, NP, RW, TG, UZ, ZW, BJ, MG, MU, MZ, AO, CI, DJ, ZM, CD, CG, IQ, LY, TJ, VE, ET, XK",1957-03-18,19,355333,56,https://p.scdn.co/mp3-preview/c4114e23f7f1ea9ed4321113006c9c2599e5d355?cid=59bafbd0d9164506adf654a3f78cb9fa,https://open.spotify.com/track/5vb7At47uO0yPGfmYnAHuw
Blue Room - Take 2,['Miles Davis'],Miles Davis And Horns,"AR, AU, AT, BE, BO, BR, BG, CA, CL, CO, CR, CY, CZ, DK, DO, DE, EC, EE, SV, FI, FR, GR, GT, HN, HK, HU, IS, IE, IT, LV, LT, LU, MY, MT, MX, NL, NZ, NI, NO, PA, PY, PE, PH, PL, PT, SG, SK, ES, SE, CH, TW, TR, UY, US, GB, AD, LI, MC, ID, JP, TH, VN, RO, IL, ZA, SA, AE, BH, QA, OM, KW, EG, MA, DZ, TN, LB, JO, PS, IN, BY, KZ, MD, UA, AL, BA, HR, ME, MK, RS, SI, KR, BD, PK, LK, GH, KE, NG, TZ, UG, AG, AM, BS, BB, BZ, BT, BW, BF, CV, CW, DM, FJ, GM, GE, GD, GW, GY, HT, JM, KI, LS, LR, MW, MV, ML, MH, FM, NA, NR, NE, PW, PG, WS, SM, ST, SN, SC, SL, SB, KN, LC, VC, SR, TL, TO, TT, TV, VU, AZ, BN, BI, KH, CM, TD, KM, GQ, SZ, GA, GN, KG, LA, MO, MR, MN, NP, RW, TG, UZ, ZW, BJ, MG, MU, MZ, AO, CI, DJ, ZM, CD, CG, IQ, LY, TJ, VE, ET, XK",1956,9,180693,45,,https://open.spotify.com/track/1ueS3LNe63cdkK0boxwEJQ
Doxy,['Miles Davis'],The Best Of Miles Davis,"AR, AU, AT, BE, BO, BR, BG, CA, CL, CO, CR, CY, CZ, DK, DO, DE, EC, EE, SV, FI, FR, GR, GT, HN, HK, HU, IS, IE, IT, LV, LT, LU, MY, MT, MX, NL, NI, NO, PA, PY, PE, PH, PL, PT, SG, SK, ES, SE, CH, TW, TR, UY, US, GB, AD, LI, MC, ID, JP, TH, VN, RO, IL, ZA, SA, AE, BH, QA, OM, KW, EG, MA, DZ, TN, LB, JO, PS, IN, BY, KZ, MD, UA, AL, BA, HR, ME, MK, RS, SI, KR, BD, PK, LK, GH, KE, NG, TZ, UG, AG, AM, BS, BB, BZ, BT, BW, BF, CV, CW, DM, FJ, GM, GE, GD, GW, GY, HT, JM, KI, LS, LR, MW, MV, ML, MH, FM, NA, NR, NE, PW, PG, WS, SM, ST, SN, SC, SL, SB, KN, LC, VC, SR, TL, TO, TT, TV, VU, AZ, BN, BI, KH, CM, TD, KM, GQ, SZ, GA, GN, KG, LA, MO, MR, MN, NP, RW, TG, UZ, ZW, BJ, MG, MU, MZ, AO, CI, DJ, ZM, CD, CG, IQ, LY, TJ, VE, ET, XK",2004-01-01,10,292933,21,,https://open.spotify.com/track/6uLMxmK9MHb6fiecxn2yrp
Miles Davis & The Cool,['The Gaslight Anthem'],The '59 Sound,"AR, AU, AT, BE, BO, BR, BG, CA, CL, CO, CR, CY, CZ, DK, DO, DE, EC, EE, SV, FI, FR, GR, GT, HN, HK, HU, IS, IE, IT, LV, LT, LU, MY, MT, MX, NL, NZ, NI, NO, PA, PY, PE, PH, PL, PT, SG, SK, ES, SE, CH, TW, TR, UY, US, GB, AD, LI, MC, ID, JP, TH, VN, RO, IL, ZA, SA, AE, BH, QA, OM, KW, EG, MA, DZ, TN, LB, JO, PS, IN, BY, KZ, MD, UA, AL, BA, HR, ME, MK, RS, SI, KR, BD, PK, LK, GH, KE, NG, TZ, UG, AG, AM, BS, BB, BZ, BT, BW, BF, CV, CW, DM, FJ, GM, GE, GD, GW, GY, HT, JM, KI, LS, LR, MW, MV, ML, MH, FM, NA, NR, NE, PW, PG, WS, SM, ST, SN, SC, SL, SB, KN, LC, VC, SR, TL, TO, TT, TV, VU, AZ, BN, BI, KH, CM, TD, KM, GQ, SZ, GA, GN, KG, LA, MO, MR, MN, NP, RW, TG, UZ, ZW, BJ, MG, MU, MZ, AO, CI, DJ, ZM, CD, CG, IQ, LY, TJ, VE, ET, XK",2009-08-19,12,251413,36,https://p.scdn.co/mp3-preview/3d2910523296d8670ff399fc43e97aed491bdee1?cid=59bafbd0d9164506adf654a3f78cb9fa,https://open.spotify.com/track/2bKjpm9nmsfKaE3sLq1scQ
Doxy - RVG Remaster,"['Miles Davis', 'Sonny Rollins', 'Horace Silver', 'Kenny Clarke', 'Percy Heath']",Bags' Groove (Rudy Van Gelder Remaster),"AR, AU, AT, BE, BO, BR, BG, CA, CL, CO, CR, CY, CZ, DK, DO, DE, EC, EE, SV, FI, FR, GR, GT, HN, HK, HU, IS, IE, IT, LV, LT, LU, MY, MT, MX, NL, NZ, NI, NO, PA, PY, PE, PH, PL, PT, SG, SK, ES, SE, CH, TW, TR, UY, US, GB, AD, LI, MC, ID, JP, TH, VN, RO, IL, ZA, SA, AE, BH, QA, OM, KW, EG, MA, DZ, TN, LB, JO, PS, IN, BY, KZ, MD, UA, AL, BA, HR, ME, MK, RS, SI, KR, BD, PK, LK, GH, KE, NG, TZ, UG, AG, AM, BS, BB, BZ, BT, BW, BF, CV, CW, DM, FJ, GM, GE, GD, GW, GY, HT, JM, KI, LS, LR, MW, MV, ML, MH, FM, NA, NR, NE, PW, PG, WS, SM, ST, SN, SC, SL, SB, KN, LC, VC, SR, TL, TO, TT, TV, VU, AZ, BN, BI, KH, CM, TD, KM, GQ, SZ, GA, GN, KG, LA, MO, MR, MN, NP, RW, TG, UZ, ZW, BJ, MG, MU, MZ, AO, CI, DJ, ZM, CD, CG, IQ, LY, TJ, VE, ET, XK",1957-01-01,7,293640,34,,https://open.spotify.com/track/3vZIYc2V9Ql80jWI2ZApEC
Miles Ahead,['Miles Davis'],Miles Davis - A Jazz Legend,"AR, AU, AT, BE, BO, BR, BG, CA, CL, CO, CR, CY, CZ, DK, DO, DE, EC, EE, SV, FI, FR, GR, GT, HN, HK, HU, IS, IE, IT, LV, LT, LU, MY, MT, MX, NL, NZ, NI, NO, PA, PY, PE, PH, PL, PT, SG, SK, ES, SE, CH, TW, TR, UY, US, GB, AD, LI, MC, ID, JP, TH, VN, RO, IL, ZA, SA, AE, BH, QA, OM, KW, EG, MA, DZ, TN, LB, JO, PS, IN, BY, KZ, MD, UA, AL, BA, HR, ME, MK, RS, SI, KR, BD, PK, LK, GH, KE, NG, TZ, UG, AG, AM, BS, BB, BZ, BT, BW, BF, CV, CW, DM, FJ, GM, GE, GD, GW, GY, HT, JM, KI, LS, LR, MW, MV, ML, MH, FM, NA, NR, NE, PW, PG, WS, SM, ST, SN, SC, SL, SB, KN, LC, VC, SR, TL, TO, TT, TV, VU, AZ, BN, BI, KH, CM, TD, KM, GQ, SZ, GA, GN, KG, LA, MO, MR, MN, NP, RW, TG, UZ, ZW, BJ, MG, MU, MZ, AO, CI, DJ, ZM, CD, CG, IQ, LY, TJ, VE, ET, XK",2021-01-25,19,269480,32,https://p.scdn.co/mp3-preview/bacb4734b5b2177d437239a5c195d0ebb5038cb1?cid=59bafbd0d9164506adf654a3f78cb9fa,https://open.spotify.com/track/7EC6EkjVcXjAhdeyi6Qlzm
"Bitches Brew (feat. Wayne Shorter, Bennie Maupin, John McLaughlin, Chick Corea, Joe Zawinul, Dave Holland & Harvey Brooks)","['Miles Davis', 'Wayne Shorter', 'Bennie Maupin', 'John McLaughlin', 'Chick Corea', 'Joe Zawinul', 'Dave Holland', 'Harvey Brooks']",Bitches Brew,"AR, AU, AT, BE, BO, BR, BG, CA, CL, CO, CR, CY, CZ, DK, DO, DE, EC, EE, SV, FI, FR, GR, GT, HN, HK, HU, IS, IE, IT, LV, LT, LU, MY, MT, MX, NL, NZ, NI, NO, PA, PY, PE, PH, PL, PT, SG, SK, ES, SE, CH, TW, TR, UY, US, GB, AD, LI, MC, ID, JP, TH, VN, RO, IL, ZA, SA, AE, BH, QA, OM, KW, EG, MA, DZ, TN, LB, JO, PS, IN, BY, KZ, MD, UA, AL, BA, HR, ME, MK, RS, SI, KR, BD, PK, LK, GH, KE, NG, TZ, UG, AG, AM, BS, BB, BZ, BT, BW, BF, CV, CW, DM, FJ, GM, GE, GD, GW, GY, HT, JM, KI, LS, LR, MW, MV, ML, MH, FM, NA, NR, NE, PW, PG, WS, SM, ST, SN, SC, SL, SB, KN, LC, VC, SR, TL, TO, TT, TV, VU, AZ, BN, BI, KH, CM, TD, KM, GQ, SZ, GA, GN, KG, LA, MO, MR, MN, NP, RW, TG, UZ, ZW, BJ, MG, MU, MZ, AO, CI, DJ, ZM, CD, CG, IQ, LY, TJ, VE, ET, XK",1970-04,7,1619373,39,https://p.scdn.co/mp3-preview/3369fb759995e037f37e6afe3a7a92c129be5247?cid=59bafbd0d9164506adf654a3f78cb9fa,https://open.spotify.com/track/15tLhnzO4o8fMOEjdZGfII
Solar,['Miles Davis'],1951-1959 The Essential Works,"AR, AU, AT, BE, BO, BR, BG, CA, CL, CO, CR, CY, CZ, DK, DO, DE, EC, EE, SV, FI, FR, GR, GT, HN, HK, HU, IS, IE, IT, LV, LT, LU, MY, MT, MX, NL, NZ, NI, NO, PA, PY, PE, PH, PL, PT, SG, SK, ES, SE, CH, TW, TR, UY, US, GB, AD, LI, MC, ID, JP, TH, VN, RO, IL, ZA, SA, AE, BH, QA, OM, KW, EG, MA, DZ, TN, LB, JO, PS, IN, BY, KZ, MD, UA, AL, BA, HR, ME, MK, RS, SI, KR, BD, PK, LK, GH, KE, NG, TZ, UG, AG, AM, BS, BB, BZ, BT, BW, BF, CV, CW, DM, FJ, GM, GE, GD, GW, GY, HT, JM, KI, LS, LR, MW, MV, ML, MH, FM, NA, NR, NE, PW, PG, WS, SM, ST, SN, SC, SL, SB, KN, LC, VC, SR, TL, TO, TT, TV, VU, AZ, BN, BI, KH, CM, TD, KM, GQ, SZ, GA, GN, KG, LA, MO, MR, MN, NP, RW, TG, UZ, ZW, BJ, MG, MU, MZ, AO, CI, DJ, ZM, CD, CG, IQ, LY, TJ, VE, ET, XK",2019-11-29,12,284413,34,https://p.scdn.co/mp3-preview/c377f6470d101b013892150833610b288951ea00?cid=59bafbd0d9164506adf654a3f78cb9fa,https://open.spotify.com/track/6GETdnV1uvZTJlX7d6hqTQ
"Two Bass Hit (feat. John Coltrane, Cannonball Adderley, Red Garland, Paul Chambers & Philly Joe Jones)","['Miles Davis', 'John Coltrane', 'Cannonball Adderley', 'Red Garland', 'Paul Chambers', 'Philly Joe Jones']",Milestones,"AR, AU, AT, BE, BO, BR, BG, CA, CL, CO, CR, CY, CZ, DK, DO, DE, EC, EE, SV, FI, FR, GR, GT, HN, HK, HU, IS, IE, IT, LV, LT, LU, MY, MT, MX, NL, NZ, NI, NO, PA, PY, PE, PH, PL, PT, SG, SK, ES, SE, CH, TW, TR, UY, US, GB, AD, LI, MC, ID, JP, TH, VN, RO, IL, ZA, SA, AE, BH, QA, OM, KW, EG, MA, DZ, TN, LB, JO, PS, IN, BY, KZ, MD, UA, AL, BA, HR, ME, MK, RS, SI, KR, BD, PK, LK, GH, KE, NG, TZ, UG, AG, AM, BS, BB, BZ, BT, BW, BF, CV, CW, DM, FJ, GM, GE, GD, GW, GY, HT, JM, KI, LS, LR, MW, MV, ML, MH, FM, NA, NR, NE, PW, PG, WS, SM, ST, SN, SC, SL, SB, KN, LC, VC, SR, TL, TO, TT, TV, VU, AZ, BN, BI, KH, CM, TD, KM, GQ, SZ, GA, GN, KG, LA, MO, MR, MN, NP, RW, TG, UZ, ZW, BJ, MG, MU, MZ, AO, CI, DJ, ZM, CD, CG, IQ, LY, TJ, VE, ET, XK",1958-04,9,310733,38,https://p.scdn.co/mp3-preview/520f0e6da0f95f3163679a85909873f7cdf9916a?cid=59bafbd0d9164506adf654a3f78cb9fa,https://open.spotify.com/track/0DtEf3aHfOgaCFJQO98x0c
"Fran-Dance (feat. John Coltrane, Cannonball Adderley & Bill Evans)","['Miles Davis', 'John Coltrane', 'Cannonball Adderley', 'Bill Evans']",Kind Of Blue (Legacy Edition),"AR, AU, AT, BE, BO, BR, BG, CA, CL, CO, CR, CY, CZ, DK, DO, DE, EC, EE, SV, FI, FR, GR, GT, HN, HK, HU, IS, IE, IT, LV, LT, LU, MY, MT, MX, NL, NZ, NI, NO, PA, PY, PE, PH, PL, PT, SG, SK, ES, SE, CH, TW, TR, UY, US, GB, AD, LI, MC, ID, JP, TH, VN, RO, IL, ZA, SA, AE, BH, QA, OM, KW, EG, MA, DZ, TN, LB, JO, PS, IN, BY, KZ, MD, UA, AL, BA, HR, ME, MK, RS, SI, KR, BD, PK, LK, GH, KE, NG, TZ, UG, AG, AM, BS, BB, BZ, BT, BW, BF, CV, CW, DM, FJ, GM, GE, GD, GW, GY, HT, JM, KI, LS, LR, MW, MV, ML, MH, FM, NA, NR, NE, PW, PG, WS, SM, ST, SN, SC, SL, SB, KN, LC, VC, SR, TL, TO, TT, TV, VU, AZ, BN, BI, KH, CM, TD, KM, GQ, SZ, GA, GN, KG, LA, MO, MR, MN, NP, RW, TG, UZ, ZW, BJ, MG, MU, MZ, AO, CI, DJ, ZM, CD, CG, IQ, LY, TJ, VE, ET, XK",1959-08-17,21,349053,41,https://p.scdn.co/mp3-preview/6f9b5f81e6a46e27c4b1d64897921c7ad15f5e25?cid=59bafbd0d9164506adf654a3f78cb9fa,https://open.spotify.com/track/6YCAJqpG0uSZSwidZODdjW
Israel,['Miles Davis'],Birth Of The Cool,"AR, AU, AT, BE, BO, BR, BG, CA, CL, CO, CR, CY, CZ, DK, DO, DE, EC, EE, SV, FI, FR, GR, GT, HN, HK, HU, IS, IE, IT, LV, LT, LU, MY, MT, MX, NL, NZ, NI, NO, PA, PY, PE, PH, PL, PT, SG, SK, ES, SE, CH, TW, TR, UY, US, AD, LI, MC, ID, JP, TH, VN, RO, IL, ZA, IN, BY, KZ, MD, UA, AL, BA, HR, ME, MK, RS, SI, KR, BD, PK, LK, GH, KE, NG, TZ, UG, AG, AM, BS, BB, BZ, BT, BW, BF, CV, CW, DM, FJ, GM, GE, GD, GW, GY, HT, JM, KI, LS, LR, MW, MV, ML, MH, FM, NA, NR, NE, PW, PG, WS, SM, ST, SN, SC, SL, SB, KN, LC, VC, SR, TL, TO, TT, TV, VU, AZ, BN, BI, KH, CM, TD, KM, GQ, SZ, GA, GN, KG, LA, MO, MR, MN, NP, RW, TG, UZ, ZW, BJ, MG, MU, MZ, AO, CI, DJ, ZM, CD, CG, TJ, VE, ET, XK",1957,11,138321,39,,https://open.spotify.com/track/6xdpwECaUdzv48eP9W9Urj
"Miles Runs the Voodoo Down (feat. Wayne Shorter, Bennie Maupin, John McLaughlin, Chick Corea, Joe Zawinul, Dave Holland & Harvey Brooks)","['Miles Davis', 'Wayne Shorter', 'Bennie Maupin', 'John McLaughlin', 'Chick Corea', 'Joe Zawinul', 'Dave Holland', 'Harvey Brooks']",Bitches Brew,"AR, AU, AT, BE, BO, BR, BG, CA, CL, CO, CR, CY, CZ, DK, DO, DE, EC, EE, SV, FI, FR, GR, GT, HN, HK, HU, IS, IE, IT, LV, LT, LU, MY, MT, MX, NL, NZ, NI, NO, PA, PY, PE, PH, PL, PT, SG, SK, ES, SE, CH, TW, TR, UY, US, GB, AD, LI, MC, ID, JP, TH, VN, RO, IL, ZA, SA, AE, BH, QA, OM, KW, EG, MA, DZ, TN, LB, JO, PS, IN, BY, KZ, MD, UA, AL, BA, HR, ME, MK, RS, SI, KR, BD, PK, LK, GH, KE, NG, TZ, UG, AG, AM, BS, BB, BZ, BT, BW, BF, CV, CW, DM, FJ, GM, GE, GD, GW, GY, HT, JM, KI, LS, LR, MW, MV, ML, MH, FM, NA, NR, NE, PW, PG, WS, SM, ST, SN, SC, SL, SB, KN, LC, VC, SR, TL, TO, TT, TV, VU, AZ, BN, BI, KH, CM, TD, KM, GQ, SZ, GA, GN, KG, LA, MO, MR, MN, NP, RW, TG, UZ, ZW, BJ, MG, MU, MZ, AO, CI, DJ, ZM, CD, CG, IQ, LY, TJ, VE, ET, XK",1970-04,7,841333,35,https://p.scdn.co/mp3-preview/6168ab2a1a1e4d5e911c05731605c00279290448?cid=59bafbd0d9164506adf654a3f78cb9fa,https://open.spotify.com/track/0n8sBhOtUb6pDFKjpxfakj
Pharaoh's Dance,['Miles Davis'],Bitches Brew,"AR, AU, AT, BE, BO, BR, BG, CA, CL, CO, CR, CY, CZ, DK, DO, DE, EC, EE, SV, FI, FR, GR, GT, HN, HK, HU, IS, IE, IT, LV, LT, LU, MY, MT, MX, NL, NZ, NI, NO, PA, PY, PE, PH, PL, PT, SG, SK, ES, SE, CH, TW, TR, UY, US, GB, AD, LI, MC, ID, JP, TH, VN, RO, IL, ZA, SA, AE, BH, QA, OM, KW, EG, MA, DZ, TN, LB, JO, PS, IN, BY, KZ, MD, UA, AL, BA, HR, ME, MK, RS, SI, KR, BD, PK, LK, GH, KE, NG, TZ, UG, AG, AM, BS, BB, BZ, BT, BW, BF, CV, CW, DM, FJ, GM, GE, GD, GW, GY, HT, JM, KI, LS, LR, MW, MV, ML, MH, FM, NA, NR, NE, PW, PG, WS, SM, ST, SN, SC, SL, SB, KN, LC, VC, SR, TL, TO, TT, TV, VU, AZ, BN, BI, KH, CM, TD, KM, GQ, SZ, GA, GN, KG, LA, MO, MR, MN, NP, RW, TG, UZ, ZW, BJ, MG, MU, MZ, AO, CI, DJ, ZM, CD, CG, IQ, LY, TJ, VE, ET, XK",1970-04,7,1204066,41,https://p.scdn.co/mp3-preview/2ba58f89aac7960fedc494986f86a40cb6c023e7?cid=59bafbd0d9164506adf654a3f78cb9fa,https://open.spotify.com/track/7eEp1mm5xRfPMpilLFUKwX
Intoit,"['Miles Davis', 'Stan Getz']",Conception,"AR, AU, AT, BE, BO, BR, BG, CA, CL, CO, CR, CY, CZ, DK, DO, DE, EC, EE, SV, FI, FR, GR, GT, HN, HK, HU, IS, IE, IT, LV, LT, LU, MY, MT, MX, NL, NZ, NI, NO, PA, PY, PE, PH, PL, PT, SG, SK, ES, SE, CH, TW, TR, UY, US, GB, AD, LI, MC, ID, JP, TH, VN, RO, IL, ZA, SA, AE, BH, QA, OM, KW, EG, MA, DZ, TN, LB, JO, PS, IN, BY, KZ, MD, UA, AL, BA, HR, ME, MK, RS, SI, KR, BD, PK, LK, GH, KE, NG, TZ, UG, AG, AM, BS, BB, BZ, BT, BW, BF, CV, CW, DM, FJ, GM, GE, GD, GW, GY, HT, JM, KI, LS, LR, MW, MV, ML, MH, FM, NA, NR, NE, PW, PG, WS, SM, ST, SN, SC, SL, SB, KN, LC, VC, SR, TL, TO, TT, TV, VU, AZ, BN, BI, KH, CM, TD, KM, GQ, SZ, GA, GN, KG, LA, MO, MR, MN, NP, RW, TG, UZ, ZW, BJ, MG, MU, MZ, AO, CI, DJ, ZM, CD, CG, IQ, LY, TJ, VE, ET, XK",1951-10-05,12,199533,39,,https://open.spotify.com/track/1zrYb4Y8KowyXmbzoHGh7L
Rubberband of Life (feat. Ledisi),"['Miles Davis', 'Ledisi']",Rubberband,"AR, AU, AT, BE, BO, BR, BG, CA, CL, CO, CR, CY, CZ, DK, DO, DE, EC, EE, SV, FI, FR, GR, GT, HN, HK, HU, IS, IE, IT, LV, LT, LU, MY, MT, MX, NL, NZ, NI, NO, PA, PY, PE, PH, PL, PT, SG, SK, ES, SE, CH, TW, TR, UY, US, GB, AD, LI, MC, ID, JP, TH, VN, RO, IL, ZA, SA, AE, BH, QA, OM, KW, EG, MA, DZ, TN, LB, JO, PS, IN, BY, KZ, MD, UA, AL, BA, HR, ME, MK, RS, SI, KR, BD, PK, LK, GH, KE, NG, TZ, UG, AG, AM, BS, BB, BZ, BT, BW, BF, CV, CW, DM, FJ, GM, GE, GD, GW, GY, HT, JM, KI, LS, LR, MW, MV, ML, MH, FM, NA, NR, NE, PW, PG, WS, SM, ST, SN, SC, SL, SB, KN, LC, VC, SR, TL, TO, TT, TV, VU, AZ, BN, BI, KH, CM, TD, KM, GQ, SZ, GA, GN, KG, LA, MO, MR, MN, NP, RW, TG, UZ, ZW, BJ, MG, MU, MZ, AO, CI, DJ, ZM, CD, CG, IQ, LY, TJ, VE, ET, XK",2019-09-06,11,344010,39,https://p.scdn.co/mp3-preview/57f54e915e67a1940e7e4e935572b36152cc8825?cid=59bafbd0d9164506adf654a3f78cb9fa,https://open.spotify.com/track/2cKH6blsLnE8oEEmAu34YB
Eighty-One (2022 Remaster),['Miles Davis'],E.S.P. (2022 Remaster),"AR, AU, AT, BE, BO, BR, BG, CA, CL, CO, CR, CY, CZ, DK, DO, DE, EC, EE, SV, FI, FR, GR, GT, HN, HK, HU, IS, IE, IT, LV, LT, LU, MY, MT, MX, NL, NZ, NI, NO, PA, PY, PE, PH, PL, PT, SG, SK, ES, SE, CH, TW, TR, UY, US, GB, AD, LI, MC, ID, JP, TH, VN, RO, IL, ZA, SA, AE, BH, QA, OM, KW, EG, MA, DZ, TN, LB, JO, PS, IN, BY, KZ, MD, UA, AL, BA, HR, ME, MK, RS, SI, KR, BD, PK, LK, GH, KE, NG, TZ, UG, AG, AM, BS, BB, BZ, BT, BW, BF, CV, CW, DM, FJ, GM, GE, GD, GW, GY, HT, JM, KI, LS, LR, MW, MV, ML, MH, FM, NA, NR, NE, PW, PG, WS, SM, ST, SN, SC, SL, SB, KN, LC, VC, SR, TL, TO, TT, TV, VU, AZ, BN, BI, KH, CM, TD, KM, GQ, SZ, GA, GN, KG, LA, MO, MR, MN, NP, RW, TG, UZ, ZW, BJ, MG, MU, MZ, AO, CI, DJ, ZM, CD, CG, IQ, LY, TJ, VE, ET, XK",1965-11,7,377320,37,https://p.scdn.co/mp3-preview/76b50dce1a96bbf90cf8ada4221b29ea3bcbb475?cid=59bafbd0d9164506adf654a3f78cb9fa,https://open.spotify.com/track/0eyDYZmV5seBW1j9Ga41AR
Orbits,['Miles Davis'],Miles Smiles,"AR, AU, AT, BE, BO, BR, BG, CA, CL, CO, CR, CY, CZ, DK, DO, DE, EC, EE, SV, FI, FR, GR, GT, HN, HK, HU, IS, IE, IT, LV, LT, LU, MY, MT, MX, NL, NZ, NI, NO, PA, PY, PE, PH, PL, PT, SG, SK, ES, SE, CH, TW, TR, UY, US, GB, AD, LI, MC, ID, JP, TH, VN, RO, IL, ZA, SA, AE, BH, QA, OM, KW, EG, MA, DZ, TN, LB, JO, PS, IN, BY, KZ, MD, UA, AL, BA, HR, ME, MK, RS, SI, KR, BD, PK, LK, GH, KE, NG, TZ, UG, AG, AM, BS, BB, BZ, BT, BW, BF, CV, CW, DM, FJ, GM, GE, GD, GW, GY, HT, JM, KI, LS, LR, MW, MV, ML, MH, FM, NA, NR, NE, PW, PG, WS, SM, ST, SN, SC, SL, SB, KN, LC, VC, SR, TL, TO, TT, TV, VU, AZ, BN, BI, KH, CM, TD, KM, GQ, SZ, GA, GN, KG, LA, MO, MR, MN, NP, RW, TG, UZ, ZW, BJ, MG, MU, MZ, AO, CI, DJ, ZM, CD, CG, IQ, LY, TJ, VE, ET, XK",1967-01,6,275960,36,https://p.scdn.co/mp3-preview/efeb51750148eb9def8e930dda8b690f47f96a60?cid=59bafbd0d9164506adf654a3f78cb9fa,https://open.spotify.com/track/5AO8TeKZeo6ouwNaDn8xVE
Miles Davis & The Cool,['The Gaslight Anthem'],The '59 Sound Sessions: 10 Year Anniversary Retrospective,"AR, AU, AT, BE, BO, BR, BG, CA, CL, CO, CR, CY, CZ, DK, DO, DE, EC, EE, SV, FI, FR, GR, GT, HN, HK, HU, IS, IE, IT, LV, LT, LU, MY, MT, MX, NL, NZ, NI, NO, PA, PY, PE, PH, PL, PT, SG, SK, ES, SE, CH, TW, TR, UY, US, GB, AD, LI, MC, ID, JP, TH, VN, RO, IL, ZA, SA, AE, BH, QA, OM, KW, EG, MA, DZ, TN, LB, JO, PS, IN, BY, KZ, MD, UA, AL, BA, HR, ME, MK, RS, SI, KR, BD, PK, LK, GH, KE, NG, TZ, UG, AG, AM, BS, BB, BZ, BT, BW, BF, CV, CW, DM, FJ, GM, GE, GD, GW, GY, HT, JM, KI, LS, LR, MW, MV, ML, MH, FM, NA, NR, NE, PW, PG, WS, SM, ST, SN, SC, SL, SB, KN, LC, VC, SR, TL, TO, TT, TV, VU, AZ, BN, BI, KH, CM, TD, KM, GQ, SZ, GA, GN, KG, LA, MO, MR, MN, NP, RW, TG, UZ, ZW, BJ, MG, MU, MZ, AO, CI, DJ, ZM, CD, CG, IQ, LY, TJ, VE, ET, XK",2018-06-15,9,238880,23,https://p.scdn.co/mp3-preview/73dab275cb9ed6ca83c33f606ea219690ac8b87f?cid=59bafbd0d9164506adf654a3f78cb9fa,https://open.spotify.com/track/7sK9HFykdyvEaLZR4Ar6PA
Tasty Pudding,['Miles Davis'],Miles Davis And Horns,"AR, AU, AT, BE, BO, BR, BG, CA, CL, CO, CR, CY, CZ, DK, DO, DE, EC, EE, SV, FI, FR, GR, GT, HN, HK, HU, IS, IE, IT, LV, LT, LU, MY, MT, MX, NL, NZ, NI, NO, PA, PY, PE, PH, PL, PT, SG, SK, ES, SE, CH, TW, TR, UY, US, GB, AD, LI, MC, ID, JP, TH, VN, RO, IL, ZA, SA, AE, BH, QA, OM, KW, EG, MA, DZ, TN, LB, JO, PS, IN, BY, KZ, MD, UA, AL, BA, HR, ME, MK, RS, SI, KR, BD, PK, LK, GH, KE, NG, TZ, UG, AG, AM, BS, BB, BZ, BT, BW, BF, CV, CW, DM, FJ, GM, GE, GD, GW, GY, HT, JM, KI, LS, LR, MW, MV, ML, MH, FM, NA, NR, NE, PW, PG, WS, SM, ST, SN, SC, SL, SB, KN, LC, VC, SR, TL, TO, TT, TV, VU, AZ, BN, BI, KH, CM, TD, KM, GQ, SZ, GA, GN, KG, LA, MO, MR, MN, NP, RW, TG, UZ, ZW, BJ, MG, MU, MZ, AO, CI, DJ, ZM, CD, CG, IQ, LY, TJ, VE, ET, XK",1956,9,200360,30,,https://open.spotify.com/track/1tNcZmwBbnu6zaBvNMO2dB
